userid;username;email
1;User001;email@001
2;User002;email@002
3;User003;email@003
4;User004;email@004
5;User005;email@005
6;User006;email@006
7;User007;email@007
8;User008;email@008
9;User009;email@009
10;User010;email@010
11;User011;email@011
12;User012;email@012
13;User013;email@013
14;User014;email@014
15;User015;email@015
16;User016;email@016
17;User017;email@017
18;User018;email@018
19;User019;email@019
20;User020;email@020
21;User021;email@021
22;User022;email@022
23;User023;email@023
24;User024;email@024
25;User025;email@025
